[{"AccountNO":123456,"magic":-2147483648,"_Comment":" ","digits":5,"open_price":1.15743,"open_time":1633720947,"stop_loss":-2147483648,"symbol":"EURUSD","take_profit":-2147483648,"ticket":539385,"type":"","volume":0.01,"volume_balance":0.95691,"volume_equity":0.95678},{"AccountNO":123456,"magic":-2147483648,"_Comment":" ","digits":5,"open_price":1.15743,"open_time":1633720947,"stop_loss":-2147483648,"symbol":"EURUSD","take_profit":-2147483648,"ticket":539386,"type":"","volume":0.01,"volume_balance":0.95691,"volume_equity":0.95678}]